{"loss": [0.6503848433494568, 0.44346585869789124, 0.3391893804073334, 0.2794390320777893, 0.2568988502025604, 0.18400786817073822, 0.13622072339057922, 0.10441038757562637, 0.08175905048847198, 0.08474404364824295], "accuracy": [0.6305443644523621, 0.7943548560142517, 0.8503023982048035, 0.8825604915618896, 0.8901209831237793, 0.9314516186714172, 0.9470766186714172, 0.9627016186714172, 0.9768145084381104, 0.9682459831237793], "val_loss": [0.5454267263412476, 0.42178237438201904, 0.337254136800766, 0.2928929030895233, 0.3057725429534912, 0.33621639013290405, 0.27598100900650024, 0.23549021780490875, 0.20328274369239807, 0.2157636284828186], "val_accuracy": [0.7364184856414795, 0.8048290014266968, 0.8651911616325378, 0.8873239159584045, 0.8933601379394531, 0.8672032356262207, 0.895372211933136, 0.909456729888916, 0.9255533218383789, 0.9215291738510132]}