{"loss": [0.6438994407653809, 0.46318042278289795, 0.34804844856262207, 0.2848002314567566, 0.22361408174037933, 0.16887298226356506, 0.1491290032863617, 0.14413495361804962, 0.09733087569475174, 0.09450971335172653, 0.10363195091485977, 0.17309999465942383, 0.10963208228349686, 0.07978331297636032, 0.06011098995804787, 0.07256243377923965, 0.08500902354717255, 0.036186348646879196, 0.06253635138273239, 0.03146154433488846], "accuracy": [0.6602822542190552, 0.7847782373428345, 0.8457661271095276, 0.8795362710952759, 0.914818525314331, 0.9354838728904724, 0.9390121102333069, 0.9440523982048035, 0.9652217626571655, 0.9672378897666931, 0.9541330933570862, 0.9309476017951965, 0.960181474685669, 0.9717742204666138, 0.9798387289047241, 0.9768145084381104, 0.96875, 0.9863911271095276, 0.9742943644523621, 0.9884072542190552], "val_loss": [0.507421612739563, 0.4577043056488037, 0.36283907294273376, 0.31786221265792847, 0.28715577721595764, 0.27261269092559814, 0.3294139504432678, 0.2548394799232483, 0.23169805109500885, 0.20751649141311646, 0.21695956587791443, 0.3122859299182892, 0.20679621398448944, 0.3237861692905426, 0.46485385298728943, 0.44358059763908386, 0.2540394067764282, 0.45308423042297363, 0.25046512484550476, 0.32409530878067017], "val_accuracy": [0.7665995955467224, 0.7786720395088196, 0.8410462737083435, 0.8672032356262207, 0.8832998275756836, 0.8812877535820007, 0.8531187176704407, 0.8993963599205017, 0.9134808778762817, 0.9255533218383789, 0.9195170998573303, 0.9054325819015503, 0.9154929518699646, 0.8893359899520874, 0.8531187176704407, 0.863179087638855, 0.9175050258636475, 0.8551307916641235, 0.923541247844696, 0.9295774698257446]}