{"loss": [0.7234051823616028, 0.5635560154914856, 0.4275926649570465, 0.33729591965675354, 0.3012828230857849, 0.2430754005908966, 0.20780625939369202, 0.1913418471813202, 0.1700812429189682, 0.1530073583126068, 0.1664062887430191, 0.13393311202526093, 0.13447870314121246, 0.08940290659666061, 0.08243515342473984, 0.09356307238340378, 0.09824659675359726, 0.10441003739833832, 0.08483538776636124, 0.09063108265399933], "accuracy": [0.5473790168762207, 0.7358871102333069, 0.8044354915618896, 0.8568548560142517, 0.8709677457809448, 0.9012096524238586, 0.9168346524238586, 0.921875, 0.9314516186714172, 0.9364919066429138, 0.9349798560142517, 0.9470766186714172, 0.9475806355476379, 0.9697580933570862, 0.9677419066429138, 0.9677419066429138, 0.9627016186714172, 0.9596773982048035, 0.9667338728904724, 0.960181474685669], "val_loss": [0.6399472951889038, 0.570816695690155, 0.46950703859329224, 0.35722050070762634, 0.3107413947582245, 0.31088438630104065, 0.3211982250213623, 0.2880532741546631, 0.2608867287635803, 0.23672081530094147, 0.2693398892879486, 0.35296690464019775, 0.22583989799022675, 0.3153274357318878, 0.2574082911014557, 0.21358239650726318, 0.23768211901187897, 0.22099605202674866, 0.3516097664833069, 0.32964643836021423], "val_accuracy": [0.6861166954040527, 0.7082495093345642, 0.7947686314582825, 0.8692153096199036, 0.8853118419647217, 0.8993963599205017, 0.8812877535820007, 0.8973842859268188, 0.9134808778762817, 0.909456729888916, 0.9054325819015503, 0.8571428656578064, 0.9114688038825989, 0.8873239159584045, 0.9074446558952332, 0.9134808778762817, 0.9195170998573303, 0.9054325819015503, 0.849094569683075, 0.8752515316009521]}