{"loss": [0.7215217351913452, 0.583260178565979, 0.4656403064727783, 0.39198172092437744, 0.3299478590488434, 0.2835942208766937, 0.2556202709674835, 0.22328974306583405, 0.21700158715248108, 0.1921493113040924, 0.183733269572258, 0.1481889933347702, 0.1343110352754593, 0.1025080755352974, 0.095133475959301, 0.10396082699298859, 0.07482311129570007, 0.0838804766535759, 0.07357677817344666, 0.07457024604082108], "accuracy": [0.5458669066429138, 0.6950604915618896, 0.7867943644523621, 0.8326612710952759, 0.8568548560142517, 0.8815523982048035, 0.8966733813285828, 0.9112903475761414, 0.9087701439857483, 0.9223790168762207, 0.9274193644523621, 0.9400201439857483, 0.9501007795333862, 0.9621976017951965, 0.9652217626571655, 0.9571572542190552, 0.9742943644523621, 0.9682459831237793, 0.9732862710952759, 0.9768145084381104], "val_loss": [0.6664049029350281, 0.5694602727890015, 0.5653223395347595, 0.4907277524471283, 0.3445113003253937, 0.4463174343109131, 0.3018393814563751, 0.428039014339447, 0.2360527664422989, 0.26239895820617676, 0.21071936190128326, 0.24143056571483612, 0.15939681231975555, 0.173113152384758, 0.15790130198001862, 0.17271243035793304, 0.1371547430753708, 0.14824649691581726, 0.12794898450374603, 0.11202551424503326], "val_accuracy": [0.531187117099762, 0.696177065372467, 0.7162978053092957, 0.7706237435340881, 0.8591549396514893, 0.8088530898094177, 0.8792756795883179, 0.8370221257209778, 0.9034205079078674, 0.8973842859268188, 0.9175050258636475, 0.9034205079078674, 0.9396378397941589, 0.9315895438194275, 0.9356136918067932, 0.9195170998573303, 0.9476861357688904, 0.9496982097625732, 0.9517102837562561, 0.9557344317436218]}