{"loss": [0.6745247840881348, 0.4805736541748047, 0.4144986867904663, 0.3598693013191223, 0.34231463074684143, 0.31096214056015015, 0.29332825541496277, 0.2653948664665222, 0.23958751559257507, 0.21526017785072327, 0.1714116930961609, 0.19162948429584503, 0.16530263423919678, 0.16106535494327545, 0.13634783029556274, 0.1378309577703476, 0.14544983208179474, 0.09900978952646255, 0.13174502551555634, 0.09795462340116501], "accuracy": [0.6345766186714172, 0.7757056355476379, 0.819556474685669, 0.8417338728904724, 0.8528226017951965, 0.8704637289047241, 0.8810483813285828, 0.8901209831237793, 0.8946572542190552, 0.9173387289047241, 0.9364919066429138, 0.9163306355476379, 0.9299395084381104, 0.9344757795333862, 0.9455645084381104, 0.944556474685669, 0.9485887289047241, 0.9606854915618896, 0.953125, 0.9581653475761414], "val_loss": [0.5502404570579529, 0.5516005754470825, 0.5562297105789185, 0.48419812321662903, 0.3308148682117462, 0.31973129510879517, 0.3012881278991699, 0.3041869103908539, 0.21186353266239166, 0.19364576041698456, 0.18551364541053772, 0.22778138518333435, 0.1948673278093338, 0.2652181386947632, 0.16795611381530762, 0.15264789760112762, 0.16296301782131195, 0.16851916909217834, 0.12106665968894958, 0.12050024420022964], "val_accuracy": [0.7424547076225281, 0.7203219532966614, 0.7102615833282471, 0.7706237435340881, 0.8792756795883179, 0.8792756795883179, 0.8812877535820007, 0.8812877535820007, 0.9215291738510132, 0.9295774698257446, 0.9336016178131104, 0.9054325819015503, 0.9255533218383789, 0.8792756795883179, 0.9275653958320618, 0.9456740617752075, 0.9476861357688904, 0.9295774698257446, 0.9517102837562561, 0.9496982097625732]}