{"loss": [0.6676390767097473, 0.534513533115387, 0.46870848536491394, 0.4207792282104492, 0.3486749827861786, 0.3319527506828308, 0.2994987368583679, 0.2961023449897766, 0.28289133310317993, 0.25034862756729126, 0.2268221527338028, 0.315939337015152, 0.3160721957683563, 0.23389063775539398, 0.19956400990486145, 0.18889488279819489, 0.18650050461292267, 0.20384228229522705, 0.16271063685417175, 0.15414020419120789], "accuracy": [0.6184476017951965, 0.7404233813285828, 0.774193525314331, 0.7983871102333069, 0.8392137289047241, 0.8492943644523621, 0.8699596524238586, 0.8689516186714172, 0.8785282373428345, 0.8921371102333069, 0.9052419066429138, 0.8724798560142517, 0.8639112710952759, 0.9027217626571655, 0.9158266186714172, 0.9233871102333069, 0.9208669066429138, 0.9208669066429138, 0.9380040168762207, 0.9334677457809448], "val_loss": [0.6300467252731323, 0.4677782654762268, 0.3890657126903534, 0.4162027835845947, 0.35001811385154724, 0.31926998496055603, 0.32885220646858215, 0.30311599373817444, 0.3800774812698364, 0.3742311894893646, 0.33062744140625, 0.48201173543930054, 0.3852028548717499, 0.2785157263278961, 0.27083325386047363, 0.30721357464790344, 0.29499343037605286, 0.327313095331192, 0.26609793305397034, 0.31121522188186646], "val_accuracy": [0.5895372033119202, 0.8108651638031006, 0.8169013857841492, 0.8048290014266968, 0.8329979777336121, 0.8410462737083435, 0.8551307916641235, 0.8611670136451721, 0.8309859037399292, 0.8430583477020264, 0.863179087638855, 0.7766599655151367, 0.8309859037399292, 0.8571428656578064, 0.8792756795883179, 0.8571428656578064, 0.863179087638855, 0.863179087638855, 0.895372211933136, 0.863179087638855]}