{"loss": [0.7068137526512146, 0.6223951578140259, 0.5237627625465393, 0.4575415253639221, 0.4174624979496002, 0.3931257426738739, 0.35143789649009705, 0.3366142511367798, 0.28536853194236755, 0.27331873774528503, 0.24965037405490875, 0.2360735833644867, 0.24779821932315826, 0.23572811484336853, 0.21168062090873718, 0.21109862625598907, 0.19102656841278076, 0.1957506239414215, 0.18404215574264526, 0.17561493813991547], "accuracy": [0.5252016186714172, 0.6542338728904724, 0.7399193644523621, 0.7797378897666931, 0.8084677457809448, 0.8251007795333862, 0.8447580933570862, 0.8467742204666138, 0.8739919066429138, 0.8800403475761414, 0.8891128897666931, 0.9007056355476379, 0.8876007795333862, 0.8946572542190552, 0.9097782373428345, 0.9183467626571655, 0.9243951439857483, 0.9158266186714172, 0.9238911271095276, 0.9294354915618896], "val_loss": [0.6913730502128601, 0.6046285629272461, 0.4473097622394562, 0.44428515434265137, 0.41431328654289246, 0.32373008131980896, 0.38834917545318604, 0.32475537061691284, 0.29130464792251587, 0.2842971384525299, 0.2777830958366394, 0.2678097188472748, 0.31467917561531067, 0.2821899950504303, 0.29762086272239685, 0.30989503860473633, 0.23165644705295563, 0.23868563771247864, 0.27697035670280457, 0.2177799791097641], "val_accuracy": [0.5191146731376648, 0.6981891393661499, 0.7927565574645996, 0.818913459777832, 0.8249496817588806, 0.8651911616325378, 0.8209255337715149, 0.849094569683075, 0.8611670136451721, 0.8571428656578064, 0.863179087638855, 0.8752515316009521, 0.8551307916641235, 0.8651911616325378, 0.8611670136451721, 0.8470824956893921, 0.9014084339141846, 0.9014084339141846, 0.8752515316009521, 0.9014084339141846]}