{"loss": [0.67176753282547, 0.503466010093689, 0.3958836793899536, 0.34626221656799316, 0.3197935223579407, 0.28586965799331665, 0.24395525455474854, 0.22953473031520844, 0.20131652057170868, 0.19998133182525635, 0.16047748923301697, 0.12020420283079147, 0.10405750572681427, 0.0572468601167202, 0.06278827786445618, 0.05863133817911148, 0.06263800710439682, 0.059087809175252914, 0.06691522896289825, 0.06213647499680519], "accuracy": [0.5922378897666931, 0.7631048560142517, 0.8185483813285828, 0.8497983813285828, 0.8669354915618896, 0.882056474685669, 0.9027217626571655, 0.9092742204666138, 0.9178427457809448, 0.9248992204666138, 0.9375, 0.9566532373428345, 0.9621976017951965, 0.9823588728904724, 0.9778226017951965, 0.9783266186714172, 0.977318525314331, 0.9803427457809448, 0.9763104915618896, 0.9798387289047241], "val_loss": [0.621589720249176, 0.4261043965816498, 0.4735953211784363, 0.40280261635780334, 0.3686695098876953, 0.30696237087249756, 0.3160075843334198, 0.31533217430114746, 0.5819673538208008, 0.33120962977409363, 0.4359222948551178, 0.28723689913749695, 0.3124243915081024, 0.3120521903038025, 0.32671934366226196, 0.3173133432865143, 0.2822785973548889, 0.3049441874027252, 0.2593223452568054, 0.4361511766910553], "val_accuracy": [0.6599597334861755, 0.8148893117904663, 0.7907444834709167, 0.8128772377967834, 0.8309859037399292, 0.8712273836135864, 0.8611670136451721, 0.8591549396514893, 0.7645875215530396, 0.8611670136451721, 0.8249496817588806, 0.877263605594635, 0.8812877535820007, 0.8933601379394531, 0.8853118419647217, 0.895372211933136, 0.9014084339141846, 0.9034205079078674, 0.9215291738510132, 0.8551307916641235]}