{"loss": [0.6891456842422485, 0.5520656704902649, 0.4369973838329315, 0.37370765209198, 0.31079328060150146, 0.27387678623199463, 0.28327280282974243, 0.2627919018268585, 0.21077099442481995, 0.18635623157024384, 0.1578567773103714, 0.14299283921718597, 0.11651050299406052, 0.10667899996042252, 0.10266780108213425, 0.07269880175590515, 0.08917702734470367, 0.06810762733221054, 0.06158846244215965, 0.04686732217669487], "accuracy": [0.5715726017951965, 0.7293346524238586, 0.8004032373428345, 0.836693525314331, 0.8674395084381104, 0.8840726017951965, 0.8780242204666138, 0.8956653475761414, 0.9158266186714172, 0.9228830933570862, 0.9390121102333069, 0.9425403475761414, 0.9516128897666931, 0.9621976017951965, 0.960181474685669, 0.9753023982048035, 0.9682459831237793, 0.9753023982048035, 0.9742943644523621, 0.984375], "val_loss": [0.6638897061347961, 0.47733262181282043, 0.46652066707611084, 0.3497616648674011, 0.30994710326194763, 0.3009539246559143, 0.324843168258667, 0.2928491234779358, 0.2685168981552124, 0.3093062937259674, 0.2471526861190796, 0.3223719596862793, 0.32291650772094727, 0.3061959147453308, 0.2924918830394745, 0.2976112365722656, 0.3183683156967163, 0.30208346247673035, 0.5120444893836975, 0.45183148980140686], "val_accuracy": [0.5935613512992859, 0.7847082614898682, 0.7706237435340881, 0.8350100517272949, 0.8611670136451721, 0.8611670136451721, 0.8611670136451721, 0.8712273836135864, 0.8873239159584045, 0.8450704216957092, 0.895372211933136, 0.8571428656578064, 0.8611670136451721, 0.8873239159584045, 0.8893359899520874, 0.8973842859268188, 0.8893359899520874, 0.8933601379394531, 0.849094569683075, 0.8611670136451721]}