{"loss": [0.628585159778595, 0.4484497308731079, 0.3706638216972351, 0.3075169324874878, 0.2472739964723587, 0.2358507513999939, 0.20823511481285095, 0.1473490297794342, 0.11914882808923721, 0.10051054507493973, 0.13977152109146118, 0.10761450231075287, 0.041934870183467865, 0.06188739836215973, 0.06219818443059921, 0.04190490394830704, 0.033102840185165405, 0.050157442688941956, 0.03657024726271629, 0.029900243505835533], "accuracy": [0.647681474685669, 0.8029233813285828, 0.8382056355476379, 0.866431474685669, 0.8931451439857483, 0.9022177457809448, 0.914818525314331, 0.9390121102333069, 0.9561492204666138, 0.961693525314331, 0.9354838728904724, 0.9596773982048035, 0.9894153475761414, 0.9803427457809448, 0.9763104915618896, 0.9853830933570862, 0.9863911271095276, 0.9803427457809448, 0.9879032373428345, 0.9899193644523621], "val_loss": [0.5712703466415405, 0.41491928696632385, 0.3943813741207123, 0.33053797483444214, 0.34044378995895386, 0.2612740993499756, 0.26144975423812866, 0.2380732148885727, 0.23671609163284302, 0.24923346936702728, 0.48394250869750977, 0.24619099497795105, 0.3191012144088745, 0.4386354982852936, 0.4079357087612152, 0.26589909195899963, 0.260374516248703, 0.28074273467063904, 0.3335809111595154, 0.24919088184833527], "val_accuracy": [0.7404426336288452, 0.8249496817588806, 0.8410462737083435, 0.863179087638855, 0.8511066436767578, 0.8993963599205017, 0.8973842859268188, 0.909456729888916, 0.9054325819015503, 0.8973842859268188, 0.7947686314582825, 0.8973842859268188, 0.8913480639457703, 0.8792756795883179, 0.8752515316009521, 0.9175050258636475, 0.9054325819015503, 0.909456729888916, 0.9114688038825989, 0.9275653958320618]}