{"loss": [0.6620047092437744, 0.4796640872955322, 0.4105096161365509, 0.3420868515968323, 0.30294108390808105, 0.26175418496131897, 0.2093791961669922, 0.1585320383310318, 0.14848652482032776, 0.14402255415916443, 0.18578624725341797, 0.133081316947937, 0.14652156829833984, 0.09347908198833466, 0.06279433518648148, 0.09382234513759613, 0.08706263452768326, 0.05784203112125397, 0.04253561794757843, 0.025305094197392464], "accuracy": [0.6144153475761414, 0.7721773982048035, 0.8089717626571655, 0.8497983813285828, 0.8734878897666931, 0.8881048560142517, 0.9153226017951965, 0.9364919066429138, 0.946068525314331, 0.9455645084381104, 0.9248992204666138, 0.9495967626571655, 0.946068525314331, 0.9702621102333069, 0.9813507795333862, 0.9657257795333862, 0.9667338728904724, 0.9783266186714172, 0.9853830933570862, 0.991431474685669], "val_loss": [0.5664339065551758, 0.48788949847221375, 0.3879244923591614, 0.38922157883644104, 0.34513750672340393, 0.33351632952690125, 0.292086660861969, 0.2890380620956421, 0.2719278037548065, 0.2721657156944275, 0.2553490698337555, 0.2974245548248291, 0.390157550573349, 0.533831000328064, 0.44420963525772095, 0.3651304244995117, 0.2697071135044098, 0.34105193614959717, 0.3276953101158142, 0.338901162147522], "val_accuracy": [0.7505030035972595, 0.7826961874961853, 0.8390341997146606, 0.849094569683075, 0.849094569683075, 0.863179087638855, 0.877263605594635, 0.8873239159584045, 0.909456729888916, 0.8973842859268188, 0.8893359899520874, 0.8873239159584045, 0.849094569683075, 0.8209255337715149, 0.8732394576072693, 0.8933601379394531, 0.9074446558952332, 0.8853118419647217, 0.9034205079078674, 0.9175050258636475]}