{"loss": [0.6268397569656372, 0.4019816517829895, 0.31027618050575256, 0.2548103928565979, 0.19747577607631683, 0.154450461268425, 0.12724828720092773, 0.13523919880390167, 0.1337929666042328, 0.08777561783790588, 0.06685826927423477, 0.06190049275755882, 0.07623510807752609, 0.04133794084191322, 0.01768502965569496, 0.016200818121433258, 0.01563863456249237, 0.0037851608358323574, 0.001929536578245461, 0.0011087522143498063], "accuracy": [0.6421371102333069, 0.8256048560142517, 0.8709677457809448, 0.8981854915618896, 0.9228830933570862, 0.9435483813285828, 0.9551411271095276, 0.9480846524238586, 0.944556474685669, 0.96875, 0.9803427457809448, 0.977318525314331, 0.9672378897666931, 0.9818548560142517, 0.9964717626571655, 0.9959677457809448, 0.9964717626571655, 1.0, 1.0, 1.0], "val_loss": [0.5459288954734802, 0.4027765691280365, 0.34471002221107483, 0.33386722207069397, 0.3187806010246277, 0.29255709052085876, 0.31713470816612244, 0.2596657872200012, 0.24867211282253265, 0.5283036231994629, 0.47210589051246643, 0.29628482460975647, 0.20401225984096527, 0.2724389135837555, 0.5145258903503418, 0.22502095997333527, 0.23536622524261475, 0.2587313950061798, 0.2674386203289032, 0.2752854526042938], "val_accuracy": [0.7243461012840271, 0.8249496817588806, 0.863179087638855, 0.8651911616325378, 0.8692153096199036, 0.8832998275756836, 0.8832998275756836, 0.8993963599205017, 0.8993963599205017, 0.8128772377967834, 0.849094569683075, 0.8913480639457703, 0.9295774698257446, 0.8993963599205017, 0.8531187176704407, 0.9315895438194275, 0.9376257658004761, 0.9315895438194275, 0.9295774698257446, 0.9295774698257446]}