{"loss": [0.6933069825172424, 0.52016681432724, 0.39100074768066406, 0.31530752778053284, 0.25942113995552063, 0.2243199199438095, 0.21915090084075928, 0.18140986561775208, 0.1492689996957779, 0.1457487791776657, 0.13712914288043976, 0.10790721327066422, 0.10094557702541351, 0.08661551773548126, 0.08377403020858765, 0.061577025800943375, 0.050968237221241, 0.09624961018562317, 0.06312169879674911, 0.08317394554615021], "accuracy": [0.5730846524238586, 0.7424395084381104, 0.8286290168762207, 0.866431474685669, 0.8941532373428345, 0.9067540168762207, 0.913306474685669, 0.9228830933570862, 0.9440523982048035, 0.9501007795333862, 0.9455645084381104, 0.9596773982048035, 0.9621976017951965, 0.9677419066429138, 0.9717742204666138, 0.9778226017951965, 0.9793346524238586, 0.9611895084381104, 0.9763104915618896, 0.9657257795333862], "val_loss": [0.6382469534873962, 0.4618310332298279, 0.4292193353176117, 0.35020577907562256, 0.3384617567062378, 0.2861041724681854, 0.2660503089427948, 0.2705399990081787, 0.2318064570426941, 0.30442187190055847, 0.2666027545928955, 0.2542336881160736, 0.2525824010372162, 0.22987626492977142, 0.24956698715686798, 0.24642474949359894, 0.38598042726516724, 0.38055288791656494, 0.20645658671855927, 0.21151241660118103], "val_accuracy": [0.5895372033119202, 0.772635817527771, 0.800804853439331, 0.8571428656578064, 0.8752515316009521, 0.895372211933136, 0.9014084339141846, 0.895372211933136, 0.9074446558952332, 0.8832998275756836, 0.909456729888916, 0.9014084339141846, 0.9034205079078674, 0.9175050258636475, 0.9175050258636475, 0.9154929518699646, 0.8551307916641235, 0.8732394576072693, 0.9315895438194275, 0.9315895438194275]}