{"loss": [0.7075275778770447, 0.6170924305915833, 0.5910962820053101, 0.6020787358283997, 0.5755617022514343, 0.5654547214508057, 0.5607596635818481, 0.5551580190658569, 0.5511897206306458, 0.5461022853851318, 0.5490020513534546, 0.541083574295044, 0.5360127091407776, 0.5192119479179382, 0.5084531307220459, 0.5083248019218445, 0.4840404689311981, 0.4860853850841522, 0.4909049868583679, 0.49665412306785583], "accuracy": [0.5751007795333862, 0.6612903475761414, 0.6779233813285828, 0.6799395084381104, 0.6950604915618896, 0.7066532373428345, 0.6995967626571655, 0.7288306355476379, 0.7197580933570862, 0.7202621102333069, 0.7197580933570862, 0.7197580933570862, 0.7298387289047241, 0.7424395084381104, 0.7489919066429138, 0.7479838728904724, 0.7641128897666931, 0.7580645084381104, 0.7641128897666931, 0.7590726017951965], "val_loss": [0.6418358683586121, 0.5777698159217834, 0.6424208283424377, 0.5891811847686768, 0.5910881757736206, 0.6383193135261536, 0.5337547063827515, 0.5872629284858704, 0.540209174156189, 0.6229041814804077, 0.5625026822090149, 0.5425835251808167, 0.5398546457290649, 0.47888725996017456, 0.464570015668869, 0.46946612000465393, 0.4611436724662781, 0.43921926617622375, 0.43909966945648193, 0.4726574718952179], "val_accuracy": [0.6317907571792603, 0.7002012133598328, 0.5975854992866516, 0.6720321774482727, 0.6438632011413574, 0.6177062392234802, 0.7243461012840271, 0.6800804734230042, 0.7122736573219299, 0.6237424612045288, 0.6981891393661499, 0.7162978053092957, 0.7142857313156128, 0.7645875215530396, 0.7806841135025024, 0.7746478915214539, 0.7565392255783081, 0.7786720395088196, 0.7847082614898682, 0.772635817527771]}