{"loss": [0.7058448195457458, 0.6835843920707703, 0.6464159488677979, 0.6288548111915588, 0.6073724031448364, 0.6099246144294739, 0.5795009732246399, 0.5952264666557312, 0.5753353834152222, 0.5595813393592834, 0.5553358793258667, 0.5509575009346008, 0.5532724261283875, 0.5293805599212646, 0.5369083881378174, 0.533288300037384, 0.5156876444816589, 0.5052427053451538, 0.5049780607223511, 0.4867178797721863], "accuracy": [0.5317540168762207, 0.5650201439857483, 0.6270161271095276, 0.6416330933570862, 0.6708669066429138, 0.6628023982048035, 0.6925403475761414, 0.6910282373428345, 0.7026209831237793, 0.711693525314331, 0.7207661271095276, 0.7288306355476379, 0.7167338728904724, 0.7232862710952759, 0.7268145084381104, 0.7242943644523621, 0.7419354915618896, 0.7515121102333069, 0.7449596524238586, 0.7661290168762207], "val_loss": [0.6926108002662659, 0.647639811038971, 0.6415268182754517, 0.5634122490882874, 0.5928323864936829, 0.5334529876708984, 0.6100902557373047, 0.5742195844650269, 0.524032473564148, 0.5626142024993896, 0.529076337814331, 0.5126574635505676, 0.4580695331096649, 0.48168638348579407, 0.5582415461540222, 0.5556520819664001, 0.4867972731590271, 0.47356194257736206, 0.49169012904167175, 0.45414066314697266], "val_accuracy": [0.5191146731376648, 0.6438632011413574, 0.6297786831855774, 0.7565392255783081, 0.6760563254356384, 0.7706237435340881, 0.6317907571792603, 0.6760563254356384, 0.72635817527771, 0.696177065372467, 0.72635817527771, 0.7505030035972595, 0.7847082614898682, 0.7967807054519653, 0.6780683994293213, 0.6700201034545898, 0.7484909296035767, 0.7625754475593567, 0.7545271515846252, 0.800804853439331]}