{"loss": [0.6879725456237793, 0.6261851191520691, 0.6046728491783142, 0.579645037651062, 0.5707710385322571, 0.5562551021575928, 0.5562379956245422, 0.5559221506118774, 0.5415045022964478, 0.530401885509491, 0.5098483562469482, 0.5357587337493896, 0.5270647406578064, 0.5151065587997437, 0.506912112236023, 0.5086675882339478, 0.49010926485061646, 0.48808929324150085, 0.48765426874160767, 0.47756344079971313, 0.46917983889579773, 0.453552782535553, 0.4494642913341522, 0.43820640444755554, 0.45551374554634094, 0.4497506618499756, 0.45256397128105164, 0.44303175806999207, 0.41494670510292053, 0.3945435583591461, 0.4016021490097046, 0.4168032705783844, 0.4209480285644531, 0.4147339463233948, 0.4125034511089325, 0.40862831473350525, 0.3983849585056305, 0.3845633566379547, 0.37252435088157654, 0.3817908465862274, 0.37980183959007263, 0.36293795704841614, 0.3615979552268982, 0.3660948574542999, 0.3554776608943939, 0.33896854519844055, 0.3513786196708679, 0.32905781269073486, 0.3560188412666321, 0.3360128402709961, 0.3386133313179016, 0.3375717103481293, 0.3573509752750397, 0.33336901664733887, 0.33362895250320435, 0.3240419924259186, 0.322149395942688, 0.3232211768627167, 0.30872881412506104, 0.3190980553627014, 0.31010186672210693, 0.2979762852191925, 0.2878893315792084, 0.29731690883636475, 0.2826893627643585, 0.2793029248714447, 0.2941550016403198, 0.2821449637413025, 0.2936515808105469, 0.274464875459671, 0.2685709297657013, 0.2778555750846863, 0.2620212137699127, 0.2543666660785675, 0.26360195875167847, 0.2543538808822632, 0.27258700132369995, 0.2580263614654541, 0.2525235116481781, 0.24959957599639893, 0.25234255194664, 0.23898813128471375, 0.24656762182712555, 0.23231899738311768, 0.2520711421966553, 0.2574966847896576, 0.24732254445552826, 0.2592412233352661, 0.24142305552959442, 0.23293344676494598, 0.2604474127292633, 0.2393168807029724, 0.23431335389614105, 0.21166755259037018, 0.24188244342803955, 0.22002272307872772, 0.21239915490150452, 0.21849563717842102, 0.23270192742347717, 0.23142576217651367], "accuracy": [0.553931474685669, 0.6441532373428345, 0.680443525314331, 0.6955645084381104, 0.7081653475761414, 0.7197580933570862, 0.7232862710952759, 0.7121976017951965, 0.7268145084381104, 0.7288306355476379, 0.7515121102333069, 0.7384072542190552, 0.7328628897666931, 0.7484878897666931, 0.7459677457809448, 0.757056474685669, 0.7580645084381104, 0.7620967626571655, 0.7676411271095276, 0.7701612710952759, 0.7671371102333069, 0.7817540168762207, 0.7782257795333862, 0.7953628897666931, 0.7716733813285828, 0.7872983813285828, 0.7888104915618896, 0.789818525314331, 0.8104838728904724, 0.8190523982048035, 0.819556474685669, 0.8084677457809448, 0.8009072542190552, 0.8069556355476379, 0.8109878897666931, 0.8089717626571655, 0.8109878897666931, 0.8220766186714172, 0.8306451439857483, 0.8150201439857483, 0.8261088728904724, 0.8336693644523621, 0.8316532373428345, 0.8387096524238586, 0.8432459831237793, 0.8528226017951965, 0.8447580933570862, 0.8533266186714172, 0.8472782373428345, 0.8553427457809448, 0.8412298560142517, 0.8497983813285828, 0.8492943644523621, 0.8568548560142517, 0.8427419066429138, 0.8492943644523621, 0.852318525314331, 0.852318525314331, 0.8649193644523621, 0.859375, 0.8649193644523621, 0.8709677457809448, 0.8800403475761414, 0.8629032373428345, 0.8780242204666138, 0.8876007795333862, 0.8744959831237793, 0.8714717626571655, 0.8634072542190552, 0.8876007795333862, 0.8805443644523621, 0.8815523982048035, 0.8855846524238586, 0.897681474685669, 0.8921371102333069, 0.8901209831237793, 0.8876007795333862, 0.8845766186714172, 0.8916330933570862, 0.8966733813285828, 0.8881048560142517, 0.897681474685669, 0.8966733813285828, 0.9042338728904724, 0.8921371102333069, 0.8931451439857483, 0.8946572542190552, 0.8916330933570862, 0.8916330933570862, 0.9077621102333069, 0.883568525314331, 0.9002016186714172, 0.9057459831237793, 0.9072580933570862, 0.8941532373428345, 0.9092742204666138, 0.9173387289047241, 0.9082661271095276, 0.9017137289047241, 0.8996976017951965], "val_loss": [0.6500843167304993, 0.6419665217399597, 0.6091691255569458, 0.6125936508178711, 0.5133989453315735, 0.6404304504394531, 0.6607446074485779, 0.5603784322738647, 0.5409868955612183, 0.5076717138290405, 0.5245497822761536, 0.6261082887649536, 0.5180718302726746, 0.5138447284698486, 0.6209478974342346, 0.43203049898147583, 0.5038433074951172, 0.5510327219963074, 0.49587780237197876, 0.51630699634552, 0.516985297203064, 0.4717875123023987, 0.4233234226703644, 0.38361620903015137, 0.609200656414032, 0.43993809819221497, 0.4305518865585327, 0.38252654671669006, 0.36192235350608826, 0.3464464843273163, 0.4451789855957031, 0.4779698848724365, 0.3877830505371094, 0.45850980281829834, 0.3220904767513275, 0.3939870297908783, 0.3081166446208954, 0.35007891058921814, 0.3333544433116913, 0.3331756591796875, 0.3332061171531677, 0.35350164771080017, 0.3484683334827423, 0.3638351261615753, 0.3204895853996277, 0.4005177915096283, 0.3395073413848877, 0.36026185750961304, 0.32817530632019043, 0.329872190952301, 0.29908961057662964, 0.2882082164287567, 0.36602285504341125, 0.31855061650276184, 0.2979757487773895, 0.29700496792793274, 0.2928631901741028, 0.31592032313346863, 0.2706495523452759, 0.3134305775165558, 0.26371651887893677, 0.27625465393066406, 0.24643298983573914, 0.256397008895874, 0.2570805549621582, 0.2960093319416046, 0.27038225531578064, 0.2885933816432953, 0.2618389427661896, 0.257896363735199, 0.33260002732276917, 0.29743629693984985, 0.26838523149490356, 0.3345569372177124, 0.3030014634132385, 0.28373217582702637, 0.24124424159526825, 0.2505291998386383, 0.3000241816043854, 0.26782703399658203, 0.24386854469776154, 0.216487854719162, 0.1967569887638092, 0.2118275761604309, 0.22421880066394806, 0.22294212877750397, 0.22719861567020416, 0.21766941249370575, 0.20423370599746704, 0.19778801500797272, 0.18453119695186615, 0.22032861411571503, 0.29254868626594543, 0.2088969498872757, 0.1904071867465973, 0.23062603175640106, 0.30083104968070984, 0.3268047571182251, 0.2341630756855011, 0.21315553784370422],