{"loss": [0.666545569896698, 0.5889207720756531, 0.5251263380050659, 0.4800506830215454, 0.43241363763809204, 0.4252777695655823, 0.39624086022377014, 0.3668381869792938, 0.3495413362979889, 0.3267599642276764, 0.3267400562763214, 0.29417434334754944, 0.2968703806400299, 0.30647075176239014, 0.28351694345474243, 0.2686503529548645, 0.27827540040016174, 0.26859813928604126, 0.28060755133628845, 0.3485027849674225], "accuracy": [0.5947580933570862, 0.694556474685669, 0.7399193644523621, 0.7731854915618896, 0.8034273982048035, 0.8049395084381104, 0.8240927457809448, 0.8316532373428345, 0.8371976017951965, 0.8548387289047241, 0.8533266186714172, 0.8689516186714172, 0.8629032373428345, 0.8598790168762207, 0.8714717626571655, 0.8810483813285828, 0.8734878897666931, 0.8815523982048035, 0.8765121102333069, 0.8412298560142517], "val_loss": [0.6009315252304077, 0.5400381088256836, 0.5186389088630676, 0.40833717584609985, 0.4738369584083557, 0.39006197452545166, 0.35923200845718384, 0.3840036988258362, 0.3480355739593506, 0.30782240629196167, 0.28875359892845154, 0.2860608994960785, 0.30513277649879456, 0.30220702290534973, 0.2487994283437729, 0.24920803308486938, 0.28203022480010986, 0.2525259256362915, 0.4486587345600128, 0.2458823025226593], "val_accuracy": [0.7122736573219299, 0.7223340272903442, 0.7344064116477966, 0.8470824956893921, 0.758551299571991, 0.8370221257209778, 0.8450704216957092, 0.8088530898094177, 0.8430583477020264, 0.8611670136451721, 0.8853118419647217, 0.8672032356262207, 0.8591549396514893, 0.8712273836135864, 0.895372211933136, 0.8893359899520874, 0.8672032356262207, 0.8873239159584045, 0.7947686314582825, 0.9014084339141846]}