{"loss": [0.6938959360122681, 0.632706344127655, 0.5437489151954651, 0.4801722466945648, 0.45696356892585754, 0.42754265666007996, 0.3776701092720032, 0.3677607476711273, 0.33572232723236084, 0.34389564394950867, 0.3156169652938843, 0.30626073479652405, 0.28517305850982666, 0.28840869665145874, 0.28486165404319763, 0.2753877639770508, 0.2571963667869568, 0.25895974040031433, 0.24258111417293549, 0.23697908222675323], "accuracy": [0.5453628897666931, 0.6355846524238586, 0.7298387289047241, 0.7767137289047241, 0.7802419066429138, 0.8094757795333862, 0.8321572542190552, 0.8240927457809448, 0.8487903475761414, 0.8361895084381104, 0.8583669066429138, 0.8634072542190552, 0.8709677457809448, 0.8775201439857483, 0.8659273982048035, 0.882056474685669, 0.8901209831237793, 0.8870967626571655, 0.8986895084381104, 0.8986895084381104], "val_loss": [0.6792876124382019, 0.5976735949516296, 0.49507665634155273, 0.45801788568496704, 0.49197250604629517, 0.4340828061103821, 0.6811946630477905, 0.4592553973197937, 0.33961793780326843, 0.3613525331020355, 0.38935020565986633, 0.3654421269893646, 0.47338706254959106, 0.28214940428733826, 0.32725754380226135, 0.31254759430885315, 0.267654150724411, 0.358536034822464, 0.2712887227535248, 0.3807579278945923], "val_accuracy": [0.5271629691123962, 0.6881287693977356, 0.7686116695404053, 0.7806841135025024, 0.7404426336288452, 0.772635817527771, 0.6800804734230042, 0.7786720395088196, 0.8551307916641235, 0.8410462737083435, 0.8309859037399292, 0.8249496817588806, 0.7786720395088196, 0.8712273836135864, 0.8410462737083435, 0.8551307916641235, 0.8853118419647217, 0.8350100517272949, 0.8792756795883179, 0.8410462737083435]}