{"loss": [0.7039636373519897, 0.6103115677833557, 0.5729729533195496, 0.5278059840202332, 0.49474501609802246, 0.45972421765327454, 0.42036929726600647, 0.389219731092453, 0.37646815180778503, 0.34360015392303467, 0.3341529369354248, 0.3172050714492798, 0.2890850603580475, 0.2969093918800354, 0.28351303935050964, 0.26600873470306396, 0.27067968249320984, 0.2722872793674469, 0.26216039061546326, 0.2494179904460907], "accuracy": [0.5529233813285828, 0.6567540168762207, 0.703125, 0.7368951439857483, 0.7595766186714172, 0.7832661271095276, 0.803931474685669, 0.8261088728904724, 0.8271169066429138, 0.8452621102333069, 0.8634072542190552, 0.8598790168762207, 0.867943525314331, 0.8714717626571655, 0.8729838728904724, 0.8876007795333862, 0.8780242204666138, 0.8714717626571655, 0.8810483813285828, 0.8891128897666931], "val_loss": [0.6286157369613647, 0.6688576340675354, 0.5524420738220215, 0.5374107956886292, 0.43090882897377014, 0.43512994050979614, 0.42648687958717346, 0.5962804555892944, 0.4271780252456665, 0.36935940384864807, 0.453062504529953, 0.3067754805088043, 0.41284462809562683, 0.33750608563423157, 0.2854671776294708, 0.26051416993141174, 0.2645286023616791, 0.3251848816871643, 0.2608413100242615, 0.2671031951904297], "val_accuracy": [0.6720321774482727, 0.5714285969734192, 0.7303823232650757, 0.7404426336288452, 0.8269617557525635, 0.8028169274330139, 0.8128772377967834, 0.7082495093345642, 0.7786720395088196, 0.818913459777832, 0.800804853439331, 0.8651911616325378, 0.8128772377967834, 0.849094569683075, 0.8611670136451721, 0.8832998275756836, 0.8853118419647217, 0.8329979777336121, 0.8752515316009521, 0.8853118419647217]}