{"loss": [0.6261143684387207, 0.4429834485054016, 0.38297149538993835, 0.30352485179901123, 0.2557809352874756, 0.2595013976097107, 0.22065189480781555, 0.19257749617099762, 0.18944323062896729, 0.17232754826545715, 0.14375387132167816, 0.12215947359800339, 0.10539492964744568, 0.1013101264834404, 0.08813370764255524, 0.09979459643363953, 0.08450106531381607, 0.07238176465034485, 0.04244599863886833, 0.08395152539014816], "accuracy": [0.6330645084381104, 0.8049395084381104, 0.828125, 0.875, 0.8966733813285828, 0.8951612710952759, 0.9102822542190552, 0.9178427457809448, 0.9233871102333069, 0.9294354915618896, 0.9400201439857483, 0.9511088728904724, 0.9526209831237793, 0.9606854915618896, 0.9637096524238586, 0.9606854915618896, 0.9637096524238586, 0.9722782373428345, 0.9833669066429138, 0.9727822542190552], "val_loss": [0.5347541570663452, 0.5601178407669067, 0.5667715072631836, 0.7520337104797363, 0.4886361062526703, 0.3938727080821991, 0.4675728976726532, 0.24379359185695648, 0.2103242129087448, 0.1861308217048645, 0.20205242931842804, 0.1655539721250534, 0.19198961555957794, 0.16219556331634521, 0.1777070015668869, 0.21138615906238556, 0.150878444314003, 0.15272410213947296, 0.15857616066932678, 0.1511429101228714], "val_accuracy": [0.7505030035972595, 0.7102615833282471, 0.7203219532966614, 0.682092547416687, 0.7887324094772339, 0.8309859037399292, 0.800804853439331, 0.909456729888916, 0.9175050258636475, 0.923541247844696, 0.9134808778762817, 0.923541247844696, 0.9255533218383789, 0.9376257658004761, 0.9416499137878418, 0.923541247844696, 0.9456740617752075, 0.9517102837562561, 0.9517102837562561, 0.9496982097625732]}