{"loss": [0.6418170928955078, 0.44338852167129517, 0.3635272979736328, 0.33018627762794495, 0.2916898727416992, 0.24426178634166718, 0.2053310126066208, 0.1847902536392212, 0.15781104564666748, 0.15992668271064758, 0.17422813177108765, 0.09308233857154846, 0.09358399361371994, 0.1049749106168747, 0.07538825273513794, 0.07035186141729355, 0.06385162472724915, 0.05746231973171234, 0.06780163943767548, 0.06381427496671677, 0.06285148859024048, 0.07452772557735443, 0.043008752167224884, 0.09711258858442307, 0.04489517584443092, 0.021761130541563034, 0.01866767182946205, 0.012831360101699829, 0.02019542269408703, 0.017479009926319122], "accuracy": [0.6154233813285828, 0.7958669066429138, 0.8528226017951965, 0.8513104915618896, 0.8755040168762207, 0.8966733813285828, 0.9188507795333862, 0.9259072542190552, 0.9410282373428345, 0.944556474685669, 0.9248992204666138, 0.9621976017951965, 0.9621976017951965, 0.9647177457809448, 0.9727822542190552, 0.9768145084381104, 0.9763104915618896, 0.9823588728904724, 0.977318525314331, 0.9747983813285828, 0.9818548560142517, 0.9742943644523621, 0.9818548560142517, 0.96875, 0.9838709831237793, 0.9939516186714172, 0.9949596524238586, 0.9959677457809448, 0.9944556355476379, 0.9944556355476379], "val_loss": [0.5249797105789185, 0.6620796918869019, 0.4072069227695465, 0.35749781131744385, 0.3230568468570709, 0.37697234749794006, 0.22118613123893738, 0.2841610312461853, 0.2156377136707306, 0.25992557406425476, 0.2134326547384262, 0.1548144370317459, 0.24177668988704681, 0.16702218353748322, 0.199487566947937, 0.1613515317440033, 0.23528236150741577, 0.19949635863304138, 0.23240624368190765, 0.15035182237625122, 0.24252696335315704, 0.14798708260059357, 0.18077495694160461, 0.16440017521381378, 0.14089371263980865, 0.19370584189891815, 0.20171713829040527, 0.19566205143928528, 0.24712207913398743, 0.16216503083705902], "val_accuracy": [0.7464788556098938, 0.7303823232650757, 0.8350100517272949, 0.8571428656578064, 0.8651911616325378, 0.8511066436767578, 0.9114688038825989, 0.8933601379394531, 0.9054325819015503, 0.8933601379394531, 0.9195170998573303, 0.9416499137878418, 0.9215291738510132, 0.9275653958320618, 0.9134808778762817, 0.9456740617752075, 0.9255533218383789, 0.9315895438194275, 0.9154929518699646, 0.9436619877815247, 0.9175050258636475, 0.9416499137878418, 0.9476861357688904, 0.9416499137878418, 0.9637826681137085, 0.9496982097625732, 0.9476861357688904, 0.9597585797309875, 0.9396378397941589, 0.9637826681137085]}