{"loss": [1.3846840858459473, 0.7478305697441101, 0.6306768655776978, 0.5634894967079163, 0.529731810092926, 0.5094771981239319, 0.4833678603172302, 0.4600364863872528, 0.42295119166374207, 0.39846283197402954, 0.41498732566833496, 0.3618079721927643, 0.36007723212242126, 0.3409416079521179, 0.33574509620666504, 0.33907395601272583, 0.3008595108985901, 0.34365344047546387, 0.2957070767879486, 0.29964783787727356, 0.2781964838504791, 0.2768373191356659, 0.30166861414909363, 0.29384854435920715, 0.28081077337265015, 0.26403364539146423, 0.2997426688671112, 0.2645267844200134, 0.25552603602409363, 0.2679351568222046], "accuracy": [0.5705645084381104, 0.6975806355476379, 0.7802419066429138, 0.803931474685669, 0.8130040168762207, 0.8064516186714172, 0.8215726017951965, 0.850806474685669, 0.8639112710952759, 0.8689516186714172, 0.8578628897666931, 0.890625, 0.8785282373428345, 0.8901209831237793, 0.9027217626571655, 0.8941532373428345, 0.9112903475761414, 0.8865927457809448, 0.9198588728904724, 0.9107862710952759, 0.9269153475761414, 0.9248992204666138, 0.9092742204666138, 0.9097782373428345, 0.9228830933570862, 0.9284273982048035, 0.9072580933570862, 0.9274193644523621, 0.9329637289047241, 0.9248992204666138], "val_loss": [0.8825722336769104, 0.7310126423835754, 0.6940271854400635, 0.5745928883552551, 0.48614731431007385, 0.47314146161079407, 0.6127609014511108, 0.5307297110557556, 0.5581780076026917, 0.40573400259017944, 0.5298348665237427, 0.41630497574806213, 0.39848676323890686, 0.5642433762550354, 0.48330530524253845, 0.5594278573989868, 0.32700082659721375, 0.4898912310600281, 0.34334513545036316, 0.46681222319602966, 0.4212864637374878, 0.48032552003860474, 0.4277762770652771, 0.5113091468811035, 0.4768737256526947, 0.3964083790779114, 0.3875323534011841, 0.34645164012908936, 0.4226541221141815, 0.38603875041007996], "val_accuracy": [0.7062374353408813, 0.6800804734230042, 0.7122736573219299, 0.7987927794456482, 0.8470824956893921, 0.8410462737083435, 0.7344064116477966, 0.8068410754203796, 0.7766599655151367, 0.8752515316009521, 0.7987927794456482, 0.8571428656578064, 0.8672032356262207, 0.7987927794456482, 0.8269617557525635, 0.8088530898094177, 0.8893359899520874, 0.8148893117904663, 0.8913480639457703, 0.8450704216957092, 0.863179087638855, 0.8309859037399292, 0.8531187176704407, 0.8128772377967834, 0.8209255337715149, 0.877263605594635, 0.8752515316009521, 0.8993963599205017, 0.8531187176704407, 0.8732394576072693]}