{"loss": [0.6818345189094543, 0.5949723124504089, 0.5201601386070251, 0.4553367793560028, 0.4084387719631195, 0.36258259415626526, 0.33251258730888367, 0.28436553478240967, 0.24071450531482697, 0.21898221969604492, 0.19620360434055328, 0.149190753698349, 0.1140000969171524, 0.16791291534900665, 0.1293390989303589, 0.1325560063123703, 0.08489340543746948, 0.08089945465326309, 0.06863007694482803, 0.06161462143063545, 0.04779994860291481, 0.0506458543241024, 0.07000607252120972, 0.02598639950156212, 0.042443808168172836, 0.042654652148485184, 0.03217529132962227, 0.02603474073112011, 0.03457045555114746, 0.026279810816049576], "accuracy": [0.5372983813285828, 0.6814516186714172, 0.75, 0.7903226017951965, 0.8251007795333862, 0.8462701439857483, 0.8618951439857483, 0.8815523982048035, 0.8951612710952759, 0.9107862710952759, 0.9248992204666138, 0.9410282373428345, 0.9551411271095276, 0.9294354915618896, 0.9506048560142517, 0.946068525314331, 0.96875, 0.9742943644523621, 0.9717742204666138, 0.9732862710952759, 0.9833669066429138, 0.9813507795333862, 0.9747983813285828, 0.9894153475761414, 0.9828628897666931, 0.9863911271095276, 0.9873992204666138, 0.9909273982048035, 0.9868951439857483, 0.9924395084381104], "val_loss": [0.6819902658462524, 0.6006183624267578, 0.5033725500106812, 0.5346563458442688, 0.5843201875686646, 0.5498323440551758, 0.3486557900905609, 0.3788139522075653, 0.3148151934146881, 0.29567739367485046, 0.42470067739486694, 0.2988685667514801, 0.19078980386257172, 0.1827581524848938, 0.22002631425857544, 0.1766711324453354, 0.23439866304397583, 0.2171097993850708, 0.21221794188022614, 0.18991310894489288, 0.27990463376045227, 0.24048545956611633, 0.17386965453624725, 0.13790346682071686, 0.2565515339374542, 0.36031705141067505, 0.1903955191373825, 0.17598171532154083, 0.22849741578102112, 0.2086930274963379], "val_accuracy": [0.5191146731376648, 0.6760563254356384, 0.7665995955467224, 0.7565392255783081, 0.72635817527771, 0.758551299571991, 0.8752515316009521, 0.8672032356262207, 0.8792756795883179, 0.8853118419647217, 0.8329979777336121, 0.8692153096199036, 0.9356136918067932, 0.9356136918067932, 0.9154929518699646, 0.9396378397941589, 0.9054325819015503, 0.923541247844696, 0.9476861357688904, 0.9416499137878418, 0.909456729888916, 0.9315895438194275, 0.9517102837562561, 0.9577465057373047, 0.9315895438194275, 0.9175050258636475, 0.953722357749939, 0.9577465057373047, 0.9396378397941589, 0.9577465057373047]}